date,ticker,open,high,low,close,adjusted_close,volume
2022-01-03,AAPL,171.82,172.80,170.40,171.79,171.79,68355936
2022-01-04,AAPL,172.81,176.71,171.97,176.33,176.33,57139259
2022-01-05,AAPL,176.46,179.48,175.41,178.53,178.53,60546335
2022-01-06,AAPL,176.91,177.46,175.14,176.47,176.47,62478663
2022-01-07,AAPL,176.36,178.21,176.07,176.87,176.87,64115843
2022-01-10,AAPL,177.59,178.80,176.77,177.71,177.71,65370831
2022-01-11,AAPL,178.90,183.63,178.41,183.33,183.33,71820598
2022-01-12,AAPL,183.47,184.77,181.67,182.66,182.66,65067561
2022-01-13,AAPL,181.33,185.07,180.78,183.50,183.50,72529223
2022-01-14,AAPL,184.18,189.50,183.70,188.13,188.13,75604904
2022-01-17,AAPL,188.65,190.32,186.73,189.33,189.33,67907953
2022-01-18,AAPL,190.24,192.83,189.87,192.11,192.11,73771115
2022-01-19,AAPL,190.84,192.42,187.29,189.24,189.24,65543074
2022-01-20,AAPL,189.45,191.36,187.27,188.00,188.00,66965878
2022-01-21,AAPL,186.01,187.20,183.91,184.62,184.62,64279445
2022-01-24,AAPL,183.56,187.30,181.97,185.06,185.06,73694703
2022-01-25,AAPL,184.39,187.42,183.74,186.62,186.62,79938019
2022-01-26,AAPL,186.13,187.84,184.06,185.89,185.89,74028649
2022-01-27,AAPL,187.36,189.34,186.58,187.76,187.76,69032471
2022-01-28,AAPL,187.75,190.06,186.58,189.87,189.87,80140654
2022-01-31,AAPL,190.89,195.83,190.32,194.51,194.51,67073583
2022-02-01,AAPL,195.55,196.28,192.29,193.54,193.54,75575658
2022-02-02,AAPL,193.40,195.42,193.10,194.42,194.42,75560730
2022-02-03,AAPL,192.42,194.11,190.86,193.21,193.21,69433881
2022-02-04,AAPL,194.04,195.53,187.55,188.37,188.37,75377592
2022-02-07,AAPL,187.03,189.77,185.42,188.03,188.03,81268329
2022-02-08,AAPL,186.84,188.51,183.43,185.32,185.32,76334176
2022-02-09,AAPL,184.59,192.79,183.85,190.96,190.96,75588526
2022-02-10,AAPL,191.29,200.22,190.89,198.22,198.22,72624951
2022-02-11,AAPL,199.10,201.07,198.00,200.09,200.09,79787976
2022-02-14,AAPL,200.13,201.40,199.77,199.95,199.95,69673668
2022-02-15,AAPL,197.50,199.05,192.98,194.77,194.77,77675683
2022-02-16,AAPL,195.14,195.40,193.40,194.34,194.34,70820743
2022-02-17,AAPL,193.20,194.32,192.53,193.43,193.43,82454573
2022-02-18,AAPL,193.36,194.61,191.19,192.87,192.87,77115835
2022-02-21,AAPL,192.36,194.41,188.66,189.84,189.84,68086346
2022-02-22,AAPL,192.29,195.25,191.31,193.94,193.94,70913882
2022-02-23,AAPL,195.26,195.85,194.32,195.59,195.59,81516732
2022-02-24,AAPL,195.02,196.42,192.99,193.13,193.13,69669654
2022-02-25,AAPL,194.08,199.09,192.44,198.27,198.27,80701176
2022-02-28,AAPL,196.51,198.32,195.36,196.87,196.87,72668288
2022-03-01,AAPL,194.77,196.47,193.36,195.00,195.00,74588374
2022-03-02,AAPL,195.39,196.48,191.98,193.57,193.57,80731826
2022-03-03,AAPL,194.53,201.20,193.58,199.83,199.83,75808587
2022-03-04,AAPL,199.82,208.68,198.89,206.06,206.06,78707017
2022-03-07,AAPL,207.32,208.53,205.93,208.52,208.52,79186145
2022-03-08,AAPL,208.96,214.35,207.75,212.57,212.57,76755308
2022-03-09,AAPL,211.55,213.98,211.25,213.04,213.04,76277481
2022-03-10,AAPL,212.34,213.92,207.17,208.86,208.86,63630353
2022-03-11,AAPL,208.11,209.35,204.82,205.84,205.84,71945935
2022-03-14,AAPL,206.24,207.27,199.58,200.75,200.75,70143887
2022-03-15,AAPL,201.12,204.05,200.42,203.59,203.59,65033307
2022-03-16,AAPL,205.24,205.74,199.64,200.50,200.50,61203208
2022-03-17,AAPL,199.65,200.22,197.55,198.38,198.38,75654872
2022-03-18,AAPL,200.15,201.74,198.51,200.72,200.72,61594523
2022-03-21,AAPL,199.82,200.62,197.44,199.55,199.55,60032055
2022-03-22,AAPL,199.65,205.33,198.55,204.36,204.36,67243430
2022-03-23,AAPL,205.30,209.07,204.59,206.66,206.66,72377408
2022-03-24,AAPL,207.67,209.12,206.13,208.60,208.60,62098875
2022-03-25,AAPL,206.21,207.40,199.38,200.52,200.52,70127155
2022-03-28,AAPL,199.58,201.75,192.37,194.26,194.26,60249209
2022-03-29,AAPL,194.63,197.07,193.61,196.34,196.34,65353872
2022-03-30,AAPL,197.39,199.49,197.27,198.75,198.75,63082371
2022-03-31,AAPL,198.93,200.27,192.68,193.63,193.63,61109808
2022-04-01,AAPL,193.32,195.41,191.90,194.40,194.40,57804166
2022-04-04,AAPL,195.47,198.69,195.02,197.71,197.71,54699294
2022-04-05,AAPL,198.83,206.50,198.06,204.64,204.64,66246417
2022-04-06,AAPL,205.78,206.85,202.67,203.97,203.97,57794351
2022-04-07,AAPL,202.68,209.50,202.46,207.40,207.40,54645264
2022-04-08,AAPL,205.73,206.48,202.74,204.60,204.60,65253773
2022-04-11,AAPL,205.54,207.58,200.45,202.83,202.83,64556983
2022-04-12,AAPL,204.69,209.50,202.90,207.97,207.97,52549731
2022-04-13,AAPL,206.85,209.47,206.08,207.21,207.21,63544289
2022-04-14,AAPL,206.28,208.39,204.23,206.63,206.63,54992081
2022-04-15,AAPL,204.86,210.79,202.52,209.33,209.33,55843663
2022-04-18,AAPL,211.22,212.80,207.60,208.53,208.53,58763358
2022-04-19,AAPL,209.57,213.33,209.55,210.98,210.98,51964575
2022-04-20,AAPL,212.20,212.94,210.40,210.57,210.57,52453348
2022-04-21,AAPL,210.33,213.80,209.14,212.13,212.13,50992511
2022-04-22,AAPL,212.54,217.51,210.34,216.86,216.86,53527552
2022-04-25,AAPL,215.89,216.55,211.62,213.46,213.46,50174087
2022-04-26,AAPL,213.84,217.42,212.70,217.29,217.29,57146549
2022-04-27,AAPL,215.18,216.18,213.84,214.59,214.59,46548148
2022-04-28,AAPL,213.67,221.01,213.05,220.39,220.39,47245660
2022-04-29,AAPL,219.29,220.36,217.16,219.10,219.10,51716600
2022-05-02,AAPL,217.52,219.17,214.34,216.54,216.54,51167651
2022-05-03,AAPL,214.02,214.90,210.50,211.41,211.41,53871715
2022-05-04,AAPL,210.48,213.50,208.14,211.95,211.95,54760506
2022-05-05,AAPL,210.77,211.63,207.69,209.10,209.10,52456339
2022-05-06,AAPL,206.04,209.35,205.70,208.18,208.18,49245718
2022-05-09,AAPL,208.01,208.67,201.84,204.03,204.03,57085450
2022-05-10,AAPL,205.08,206.78,204.18,205.42,205.42,45289546
2022-05-11,AAPL,206.82,208.39,205.77,207.00,207.00,51529949
2022-05-12,AAPL,205.94,209.97,205.30,208.84,208.84,51376056
2022-05-13,AAPL,210.67,213.18,209.37,210.86,210.86,57715810
2022-05-16,AAPL,209.41,214.74,207.04,213.24,213.24,56628654
2022-05-17,AAPL,213.19,214.48,209.71,212.22,212.22,52798556
2022-05-18,AAPL,213.27,215.94,212.15,215.46,215.46,50681055
2022-05-19,AAPL,214.61,221.08,213.99,220.56,220.56,54073206
2022-05-20,AAPL,221.84,222.80,214.25,215.67,215.67,60333464
2022-05-23,AAPL,215.83,217.14,211.20,213.39,213.39,59031771
2022-05-24,AAPL,211.94,213.70,209.98,212.37,212.37,58485603
2022-05-25,AAPL,213.36,214.31,210.66,212.66,212.66,49192866
2022-05-26,AAPL,213.68,216.74,212.03,215.19,215.19,54213972
2022-05-27,AAPL,216.07,216.99,211.19,212.68,212.68,54709013
2022-05-30,AAPL,214.08,215.49,208.67,209.89,209.89,62864770
2022-05-31,AAPL,208.66,210.51,207.39,208.67,208.67,61182552
2022-06-01,AAPL,210.36,212.02,204.71,205.28,205.28,61338643
2022-06-02,AAPL,204.80,206.11,199.14,200.76,200.76,56817183
2022-06-03,AAPL,200.87,201.55,197.51,197.77,197.77,62164344
2022-06-06,AAPL,198.92,201.96,197.13,200.18,200.18,50993121
2022-06-07,AAPL,199.29,203.13,198.31,202.05,202.05,58272852
2022-06-08,AAPL,203.07,206.57,201.66,204.77,204.77,55187836
2022-06-09,AAPL,205.08,206.68,201.30,202.18,202.18,68162249
2022-06-10,AAPL,201.38,203.34,200.11,202.02,202.02,61831082
2022-06-13,AAPL,202.98,210.48,201.54,209.18,209.18,64302116
2022-06-14,AAPL,209.26,210.79,206.81,209.51,209.51,64385415
2022-06-15,AAPL,210.05,211.32,209.50,210.45,210.45,58217263
2022-06-16,AAPL,210.66,211.34,206.08,207.95,207.95,67711814
2022-06-17,AAPL,205.83,207.34,202.66,204.34,204.34,65478017
2022-06-20,AAPL,204.51,207.00,204.35,206.45,206.45,63030290
2022-06-21,AAPL,206.15,207.68,205.55,207.41,207.41,61055063
2022-06-22,AAPL,208.69,213.96,208.13,212.18,212.18,59614170
2022-06-23,AAPL,210.60,213.15,209.14,211.13,211.13,69279784
2022-06-24,AAPL,212.22,212.83,206.94,209.22,209.22,72569773
2022-06-27,AAPL,209.31,209.70,203.38,205.61,205.61,67070867
2022-06-28,AAPL,204.34,205.40,202.60,202.95,202.95,64464024
2022-06-29,AAPL,201.13,202.44,195.31,195.84,195.84,74350502
2022-06-30,AAPL,194.91,196.74,193.81,194.09,194.09,62502663
2022-07-01,AAPL,195.35,196.52,193.83,194.23,194.23,72796788
2022-07-04,AAPL,194.43,195.81,192.51,193.38,193.38,65667499
2022-07-05,AAPL,194.09,195.11,190.31,192.22,192.22,77379826
2022-07-06,AAPL,192.39,193.77,190.67,191.74,191.74,75181961
2022-07-07,AAPL,192.56,193.75,187.34,189.12,189.12,75511218
2022-07-08,AAPL,189.24,190.71,182.65,183.97,183.97,75621159
2022-07-11,AAPL,185.60,186.23,183.56,185.19,185.19,70206403
2022-07-12,AAPL,186.02,186.72,179.78,181.61,181.61,69385178
2022-07-13,AAPL,182.35,183.36,180.53,181.15,181.15,77679792
2022-07-14,AAPL,180.74,181.97,174.61,176.00,176.00,73690657
2022-07-15,AAPL,177.39,178.50,175.96,176.30,176.30,67578043
2022-07-18,AAPL,175.53,176.79,174.14,176.02,176.02,78067022
2022-07-19,AAPL,175.84,177.56,172.45,173.39,173.39,78157896
2022-07-20,AAPL,172.87,176.65,172.08,175.59,175.59,66902724
2022-07-21,AAPL,175.06,175.80,170.92,172.07,172.07,67769049
2022-07-22,AAPL,174.13,175.32,172.37,173.54,173.54,75337169
2022-07-25,AAPL,174.19,178.10,173.05,176.75,176.75,76679146
2022-07-26,AAPL,176.61,178.16,174.88,177.09,177.09,74336623
2022-07-27,AAPL,175.93,177.08,170.35,172.00,172.00,74999431
2022-07-28,AAPL,171.53,173.31,170.79,172.74,172.74,77036058
2022-07-29,AAPL,171.76,172.71,168.67,168.89,168.89,71005289
2022-08-01,AAPL,168.32,169.66,165.38,166.56,166.56,76771327
2022-08-02,AAPL,166.59,166.95,165.09,166.30,166.30,72356323
2022-08-03,AAPL,166.46,168.71,164.50,167.90,167.90,68591605
2022-08-04,AAPL,165.79,166.95,163.03,163.34,163.34,78386256
2022-08-05,AAPL,162.73,164.06,161.52,162.82,162.82,69657836
2022-08-08,AAPL,161.82,166.24,160.73,164.98,164.98,72152939
2022-08-09,AAPL,163.94,165.39,159.29,160.01,160.01,74658936
2022-08-10,AAPL,158.63,160.10,156.21,156.96,156.96,74853519
2022-08-11,AAPL,157.45,158.98,153.89,154.33,154.33,76441896
2022-08-12,AAPL,154.74,156.53,153.68,154.40,154.40,75679190
2022-08-15,AAPL,154.30,155.30,153.52,153.59,153.59,75384685
2022-08-16,AAPL,153.98,157.44,152.93,157.17,157.17,80747021
2022-08-17,AAPL,160.32,160.47,157.37,158.66,158.66,66543696
2022-08-18,AAPL,158.84,159.70,155.17,156.30,156.30,67321168
2022-08-19,AAPL,157.57,158.24,153.62,155.65,155.65,77858539
2022-08-22,AAPL,155.39,156.63,154.04,155.16,155.16,65717463
2022-08-23,AAPL,154.99,157.35,154.18,156.90,156.90,74348263
2022-08-24,AAPL,156.13,159.03,155.00,157.54,157.54,73282288
2022-08-25,AAPL,156.22,157.18,155.49,156.11,156.11,71553343
2022-08-26,AAPL,156.68,159.03,156.11,157.69,157.69,62308500
2022-08-29,AAPL,157.47,161.22,156.25,160.24,160.24,70534753
2022-08-30,AAPL,160.33,163.54,158.45,162.42,162.42,62651165
2022-08-31,AAPL,162.54,163.79,160.78,161.25,161.25,72211461
2022-09-01,AAPL,162.71,163.20,160.36,161.61,161.61,67541033
2022-09-02,AAPL,162.84,163.00,161.09,162.80,162.80,67564993
2022-09-05,AAPL,162.27,164.00,160.78,162.10,162.10,72784000
2022-09-06,AAPL,163.26,163.33,157.64,158.55,158.55,62599018
2022-09-07,AAPL,156.75,157.09,155.42,156.02,156.02,71769726
2022-09-08,AAPL,156.96,159.11,155.52,158.49,158.49,65766130
2022-09-09,AAPL,160.04,161.92,156.20,156.23,156.23,60049407
2022-09-12,AAPL,155.93,156.89,153.64,154.43,154.43,67930903
2022-09-13,AAPL,154.78,154.87,148.20,150.01,150.01,68126452
2022-09-14,AAPL,147.73,150.97,146.84,150.20,150.20,62658042
2022-09-15,AAPL,150.02,153.47,148.61,151.85,151.85,55307481
2022-09-16,AAPL,151.68,152.51,148.92,149.37,149.37,64030156
2022-09-19,AAPL,149.30,151.09,148.75,150.12,150.12,62919643
2022-09-20,AAPL,148.90,150.31,147.67,147.86,147.86,66308587
2022-09-21,AAPL,147.40,147.64,142.21,142.43,142.43,59517129
2022-09-22,AAPL,142.26,144.09,141.16,142.68,142.68,66233798
2022-09-23,AAPL,143.28,145.14,141.51,143.01,143.01,63006948
2022-09-26,AAPL,141.71,141.95,138.04,139.09,139.09,64889816
2022-09-27,AAPL,139.23,142.23,138.26,141.01,141.01,56458772
2022-09-28,AAPL,141.83,143.58,141.28,143.42,143.42,51603810
2022-09-29,AAPL,144.47,146.22,143.16,145.84,145.84,56640413
2022-09-30,AAPL,145.58,147.22,144.63,146.67,146.67,52134948
2022-10-03,AAPL,145.04,145.56,142.06,143.00,143.00,56604574
2022-10-04,AAPL,143.78,145.65,142.44,145.10,145.10,57760415
2022-10-05,AAPL,144.79,148.48,143.82,147.96,147.96,53126321
2022-10-06,AAPL,147.62,148.96,146.45,148.38,148.38,51293422
2022-10-07,AAPL,148.34,151.81,147.54,150.25,150.25,50618575
2022-10-10,AAPL,150.35,155.89,150.05,154.74,154.74,61002884
2022-10-11,AAPL,154.06,155.30,151.58,152.28,152.28,58868078
2022-10-12,AAPL,153.91,155.59,152.70,154.61,154.61,49439587
2022-10-13,AAPL,153.27,153.72,151.81,151.99,151.99,55574174
2022-10-14,AAPL,152.72,157.14,151.61,155.41,155.41,45423204
2022-10-17,AAPL,154.68,155.94,150.72,151.83,151.83,57264452
2022-10-18,AAPL,152.14,153.27,151.14,151.15,151.15,50753467
2022-10-19,AAPL,150.76,151.84,145.84,146.42,146.42,58374518
2022-10-20,AAPL,145.63,151.53,143.91,150.88,150.88,57986165
2022-10-21,AAPL,152.42,158.50,150.58,156.78,156.78,58910876
2022-10-24,AAPL,155.52,155.73,152.87,154.33,154.33,53848900
2022-10-25,AAPL,155.55,157.06,152.30,153.26,153.26,52179275
2022-10-26,AAPL,154.39,155.28,150.87,152.23,152.23,55344509
2022-10-27,AAPL,152.07,154.22,151.05,153.29,153.29,59580112
2022-10-28,AAPL,153.00,155.48,152.51,155.07,155.07,55550274
2022-10-31,AAPL,153.24,156.41,151.88,155.63,155.63,47410657
2022-11-01,AAPL,155.70,157.74,154.77,156.57,156.57,49210781
2022-11-02,AAPL,156.24,157.69,155.10,157.42,157.42,57974929
2022-11-03,AAPL,156.31,156.60,155.16,155.70,155.70,60626560
2022-11-04,AAPL,155.92,156.38,154.39,155.35,155.35,62028665
2022-11-07,AAPL,156.75,157.80,154.99,156.42,156.42,50346612
2022-11-08,AAPL,156.08,157.70,155.69,156.99,156.99,57550841
2022-11-09,AAPL,157.72,158.76,155.45,156.61,156.61,61332888
2022-11-10,AAPL,156.24,158.06,154.66,156.96,156.96,47861015
2022-11-11,AAPL,157.23,161.19,156.34,159.40,159.40,51366451
2022-11-14,AAPL,160.08,164.91,158.79,163.83,163.83,62958084
2022-11-15,AAPL,165.52,167.40,165.17,166.24,166.24,53483397
2022-11-16,AAPL,165.81,168.18,164.54,166.92,166.92,52243408
2022-11-17,AAPL,168.20,173.49,166.84,172.13,172.13,63046365
2022-11-18,AAPL,173.04,174.61,171.85,173.49,173.49,62782609
2022-11-21,AAPL,173.74,175.30,171.72,172.98,172.98,56948295
2022-11-22,AAPL,172.93,173.15,171.05,172.05,172.05,52151672
2022-11-23,AAPL,169.82,170.60,168.69,169.34,169.34,62780105
2022-11-24,AAPL,169.26,170.85,168.18,170.34,170.34,64071072
2022-11-25,AAPL,171.35,174.56,169.94,174.56,174.56,58547559
2022-11-28,AAPL,174.31,175.24,172.09,173.86,173.86,62934378
2022-11-29,AAPL,172.87,173.55,171.76,172.55,172.55,62813561
2022-11-30,AAPL,172.26,172.99,171.55,171.62,171.62,65854349
2022-12-01,AAPL,170.71,174.50,170.09,173.10,173.10,70438385
2022-12-02,AAPL,174.04,175.07,172.84,174.54,174.54,57740155
2022-12-05,AAPL,175.38,176.39,172.42,174.76,174.76,68273611
2022-12-06,AAPL,174.58,176.74,173.74,175.57,175.57,58974458
2022-12-07,AAPL,174.56,175.82,173.37,174.65,174.65,67376189
2022-12-08,AAPL,174.06,174.20,169.28,170.86,170.86,74338417
2022-12-09,AAPL,168.79,169.72,168.50,168.94,168.94,69209574
2022-12-12,AAPL,169.38,170.10,168.09,169.09,169.09,67804960
2022-12-13,AAPL,169.57,171.16,168.95,169.86,169.86,73078075
2022-12-14,AAPL,170.58,171.01,169.07,170.38,170.38,73715705
2022-12-15,AAPL,169.10,171.49,168.17,170.54,170.54,76971014
2022-12-16,AAPL,169.23,170.64,166.23,167.31,167.31,74703009
2022-12-19,AAPL,168.16,170.19,166.39,167.44,167.44,71925152
2022-12-20,AAPL,167.12,168.05,166.34,166.67,166.67,64457469
2022-12-21,AAPL,165.98,166.57,164.75,165.96,165.96,69601502
2022-12-22,AAPL,166.78,168.41,165.26,166.01,166.01,78667600
2022-12-23,AAPL,166.20,167.93,165.71,167.48,167.48,68845509
2022-12-26,AAPL,167.85,168.45,164.85,165.52,165.52,68306899
2022-12-27,AAPL,165.03,165.66,163.87,165.03,165.03,76459166
2022-12-28,AAPL,164.36,165.22,160.67,161.96,161.96,75491728
2022-12-29,AAPL,162.19,165.33,161.49,163.56,163.56,78591750
2022-12-30,AAPL,164.44,166.24,163.26,164.28,164.28,69026400
2023-01-02,AAPL,165.17,168.11,163.55,167.03,167.03,77566279
2023-01-03,AAPL,166.67,167.96,165.78,166.86,166.86,66923594
2023-01-04,AAPL,166.96,167.76,164.44,165.92,165.92,73615746
2023-01-05,AAPL,164.92,165.98,163.11,164.16,164.16,72470859
2023-01-06,AAPL,166.27,169.03,165.09,168.77,168.77,73254006
2023-01-09,AAPL,169.80,174.58,168.10,173.51,173.51,76103758
2023-01-10,AAPL,174.51,179.72,173.84,178.65,178.65,80483224
2023-01-11,AAPL,179.77,182.59,178.27,181.02,181.02,82677723
2023-01-12,AAPL,180.02,181.99,179.14,180.16,180.16,69991961
2023-01-13,AAPL,180.76,182.09,178.84,180.62,180.62,80271821
2023-01-16,AAPL,180.19,182.00,179.11,179.97,179.97,75272855
2023-01-17,AAPL,178.14,178.22,176.51,177.96,177.96,76899288
2023-01-18,AAPL,175.51,175.94,168.47,170.71,170.71,72640639
2023-01-19,AAPL,171.02,171.85,169.84,171.23,171.23,71821593
2023-01-20,AAPL,170.71,172.25,167.25,168.51,168.51,67689848
2023-01-23,AAPL,169.18,174.98,167.70,173.03,173.03,81223288
2023-01-24,AAPL,173.78,176.70,172.28,176.16,176.16,79943174
2023-01-25,AAPL,175.86,177.49,174.74,175.42,175.42,69572120
2023-01-26,AAPL,176.50,177.67,173.68,174.88,174.88,67876928
2023-01-27,AAPL,173.02,175.61,172.01,174.34,174.34,76679054
2023-01-30,AAPL,175.04,176.01,173.77,175.48,175.48,74280234
2023-01-31,AAPL,174.84,176.34,171.82,172.61,172.61,78148141
2023-02-01,AAPL,173.79,175.02,171.30,171.61,171.61,65880042
2023-02-02,AAPL,172.77,173.51,169.55,170.83,170.83,78656283
2023-02-03,AAPL,168.97,170.30,164.98,165.66,165.66,73718086
2023-02-06,AAPL,163.76,164.48,159.04,160.66,160.66,74600099
2023-02-07,AAPL,161.48,162.83,157.85,158.65,158.65,69340174
2023-02-08,AAPL,157.98,159.44,154.84,156.30,156.30,78420174
2023-02-09,AAPL,154.88,155.15,153.37,154.18,154.18,69125609
2023-02-10,AAPL,154.18,154.69,151.32,153.30,153.30,67230369
2023-02-13,AAPL,152.95,155.79,151.79,154.82,154.82,62251465
2023-02-14,AAPL,156.39,156.75,153.91,154.81,154.81,72795310
2023-02-15,AAPL,154.64,155.16,152.99,154.60,154.60,62035437
2023-02-16,AAPL,154.29,155.51,151.21,152.77,152.77,69741455
2023-02-17,AAPL,152.26,152.74,151.14,152.23,152.23,70021759
2023-02-20,AAPL,149.86,150.18,147.90,148.31,148.31,71231077
2023-02-21,AAPL,148.66,149.26,144.12,145.73,145.73,65350919
2023-02-22,AAPL,145.40,146.65,145.04,146.02,146.02,64271088
2023-02-23,AAPL,146.19,146.67,142.86,144.08,144.08,58992489
2023-02-24,AAPL,142.67,144.72,141.56,143.65,143.65,66424561
2023-02-27,AAPL,143.75,145.24,140.76,141.34,141.34,63717562
2023-02-28,AAPL,140.78,142.14,140.27,141.26,141.26,69647831
2023-03-01,AAPL,141.13,142.76,135.62,136.94,136.94,67562862
2023-03-02,AAPL,137.17,138.12,134.17,135.00,135.00,61690603
2023-03-03,AAPL,135.57,136.64,132.85,133.79,133.79,58029997
2023-03-06,AAPL,133.15,136.32,132.92,135.93,135.93,54416108
2023-03-07,AAPL,136.36,140.10,135.41,140.04,140.04,64273807
2023-03-08,AAPL,139.16,140.16,137.27,138.10,138.10,55283598
2023-03-09,AAPL,138.56,139.92,137.71,138.33,138.33,57552160
2023-03-10,AAPL,138.77,140.33,137.82,139.54,139.54,56971210
2023-03-13,AAPL,138.64,140.20,135.32,136.44,136.44,57806850
2023-03-14,AAPL,136.35,136.87,134.84,135.62,135.62,51341547
2023-03-15,AAPL,135.66,136.16,133.96,135.20,135.20,51606526
2023-03-16,AAPL,134.90,135.86,133.28,134.06,134.06,56841796
2023-03-17,AAPL,133.67,134.39,129.31,130.08,130.08,62242229
2023-03-20,AAPL,130.29,131.37,126.61,127.34,127.34,47460123
2023-03-21,AAPL,127.56,128.36,125.43,126.75,126.75,48548686
2023-03-22,AAPL,125.52,126.22,124.67,125.53,125.53,55617408
2023-03-23,AAPL,126.44,127.48,124.47,124.72,124.72,57797266
2023-03-24,AAPL,124.79,125.93,122.15,123.33,123.33,61662723
2023-03-27,AAPL,123.49,124.47,120.95,121.74,121.74,46263967
2023-03-28,AAPL,122.32,122.51,120.26,121.39,121.39,53261389
2023-03-29,AAPL,122.61,123.47,121.16,122.21,122.21,58207142
2023-03-30,AAPL,122.53,125.25,121.14,124.60,124.60,52255527
2023-03-31,AAPL,123.81,126.74,123.29,125.69,125.69,47907550
2023-04-03,AAPL,125.71,126.87,122.80,123.33,123.33,58093981
2023-04-04,AAPL,123.72,125.36,122.46,125.00,125.00,47591598
2023-04-05,AAPL,124.81,126.05,122.05,123.05,123.05,49648953
2023-04-06,AAPL,123.44,124.38,119.51,120.57,120.57,51982992
2023-04-07,AAPL,120.96,124.05,119.20,124.00,124.00,49094171
2023-04-10,AAPL,122.99,124.24,119.87,120.78,120.78,51341350
2023-04-11,AAPL,121.77,122.11,119.45,119.53,119.53,46991868
2023-04-12,AAPL,118.65,120.43,117.87,119.89,119.89,48657507
2023-04-13,AAPL,119.21,119.66,118.18,119.29,119.29,54983003
2023-04-14,AAPL,119.93,121.23,118.93,120.78,120.78,46285086
2023-04-17,AAPL,120.38,120.68,117.33,118.34,118.34,49377394
2023-04-18,AAPL,118.30,119.38,117.20,118.50,118.50,60740687
2023-04-19,AAPL,118.29,118.98,115.86,116.95,116.95,55933282
2023-04-20,AAPL,118.47,119.00,116.79,117.51,117.51,60258051
2023-04-21,AAPL,117.70,118.91,117.23,118.48,118.48,59858303
2023-04-24,AAPL,117.23,117.80,114.82,115.80,115.80,47686765
2023-04-25,AAPL,115.63,116.26,113.38,114.25,114.25,58864935
2023-04-26,AAPL,113.82,116.58,113.53,115.78,115.78,49384750
2023-04-27,AAPL,115.66,119.20,114.56,118.45,118.45,53815620
2023-04-28,AAPL,118.22,119.08,116.39,116.67,116.67,58462544
2023-05-01,AAPL,116.50,117.16,115.47,116.90,116.90,56683009
2023-05-02,AAPL,116.71,117.47,113.36,113.92,113.92,54448119
2023-05-03,AAPL,113.34,113.89,111.85,112.24,112.24,64354969
2023-05-04,AAPL,111.49,112.62,111.12,112.44,112.44,52303673
2023-05-05,AAPL,113.05,113.89,109.17,109.89,109.89,53235884
2023-05-08,AAPL,110.26,111.14,109.42,109.98,109.98,67109455
2023-05-09,AAPL,109.48,113.37,109.02,112.55,112.55,62425686
2023-05-10,AAPL,112.41,114.03,112.06,113.68,113.68,53908248
2023-05-11,AAPL,113.67,114.54,112.17,112.78,112.78,63972200
2023-05-12,AAPL,111.75,112.02,108.15,109.45,109.45,54199868
2023-05-15,AAPL,109.31,110.68,108.52,109.57,109.57,63780503
2023-05-16,AAPL,110.02,110.29,109.56,110.04,110.04,55212397
2023-05-17,AAPL,110.05,110.51,106.58,108.02,108.02,63410737
2023-05-18,AAPL,109.19,109.78,108.34,109.42,109.42,67467187
2023-05-19,AAPL,109.68,111.82,109.00,111.37,111.37,66698377
2023-05-22,AAPL,112.42,114.78,110.83,114.53,114.53,62919360
2023-05-23,AAPL,114.47,115.89,113.46,115.50,115.50,63080461
2023-05-24,AAPL,115.85,116.62,115.10,116.10,116.10,59172400
2023-05-25,AAPL,116.77,117.27,116.06,116.59,116.59,73431200
2023-05-26,AAPL,115.85,119.74,115.38,118.51,118.51,62680932
2023-05-29,AAPL,117.68,118.38,117.01,118.09,118.09,65245109
2023-05-30,AAPL,118.09,118.49,116.69,117.64,117.64,64668761
2023-05-31,AAPL,118.28,120.01,117.44,118.90,118.90,75981727
2023-06-01,AAPL,118.01,120.37,117.26,119.66,119.66,63516210
2023-06-02,AAPL,120.28,120.92,117.32,117.43,117.43,68370480
2023-06-05,AAPL,117.50,118.72,116.92,118.32,118.32,67574107
2023-06-06,AAPL,118.70,121.54,118.27,120.79,120.79,73670891
2023-06-07,AAPL,120.46,121.54,119.78,120.45,120.45,77013274
2023-06-08,AAPL,120.37,123.48,119.50,122.88,122.88,74225981
2023-06-09,AAPL,122.83,123.76,120.40,121.19,121.19,70124559
2023-06-12,AAPL,120.36,122.60,119.02,121.42,121.42,67277291
2023-06-13,AAPL,122.30,123.62,119.91,121.59,121.59,77706230
2023-06-14,AAPL,120.77,122.72,120.07,122.43,122.43,73865365
2023-06-15,AAPL,121.83,122.75,121.42,121.87,121.87,77269571
2023-06-16,AAPL,122.36,124.62,120.89,124.16,124.16,80886648
2023-06-19,AAPL,124.00,124.51,123.10,124.29,124.29,79652078
2023-06-20,AAPL,124.12,127.60,123.26,126.83,126.83,74810471
2023-06-21,AAPL,127.77,129.68,127.50,129.45,129.45,69432120
2023-06-22,AAPL,128.93,130.24,128.42,130.00,130.00,70326329
2023-06-23,AAPL,130.09,133.30,128.82,132.16,132.16,74152323
2023-06-26,AAPL,132.14,132.18,129.20,130.12,130.12,79581744
2023-06-27,AAPL,130.28,132.60,129.17,131.72,131.72,78567403
2023-06-28,AAPL,131.82,133.04,129.91,130.58,130.58,76448856
2023-06-29,AAPL,131.19,132.06,130.62,130.78,130.78,78312932
2023-06-30,AAPL,130.20,131.41,129.33,131.21,131.21,72184570
2023-07-03,AAPL,131.01,132.13,129.61,130.34,130.34,72304069
2023-07-04,AAPL,129.19,129.52,128.15,128.96,128.96,76778846
2023-07-05,AAPL,128.40,132.63,127.43,131.87,131.87,78615798
2023-07-06,AAPL,131.42,131.92,127.23,128.21,128.21,80091170
2023-07-07,AAPL,127.61,129.29,126.26,128.66,128.66,72758859
2023-07-10,AAPL,128.14,131.80,127.64,131.02,131.02,80634790
2023-07-11,AAPL,130.58,131.29,126.45,127.02,127.02,76839879
2023-07-12,AAPL,126.46,128.48,125.44,126.93,126.93,70034033
2023-07-13,AAPL,126.74,127.16,125.67,126.92,126.92,67643733
2023-07-14,AAPL,126.54,128.47,126.01,126.69,126.69,68288083
2023-07-17,AAPL,127.67,128.75,124.29,124.74,124.74,68639298
2023-07-18,AAPL,124.12,125.44,123.25,124.72,124.72,77819021
2023-07-19,AAPL,125.24,127.89,124.62,127.72,127.72,80240925
2023-07-20,AAPL,128.12,132.75,126.99,132.62,132.62,79775494
2023-07-21,AAPL,131.30,137.81,130.23,137.38,137.38,79378760
2023-07-24,AAPL,135.70,137.05,134.78,136.26,136.26,68208236
2023-07-25,AAPL,136.10,137.25,135.08,135.86,135.86,73478509
2023-07-26,AAPL,135.60,137.15,133.54,134.04,134.04,70069576
2023-07-27,AAPL,135.49,136.07,134.10,135.57,135.57,72575114
2023-07-28,AAPL,136.09,137.37,136.00,136.61,136.61,70689896
2023-07-31,AAPL,136.13,136.50,135.68,136.12,136.12,67418223
2023-08-01,AAPL,135.25,138.21,134.13,136.87,136.87,63153672
2023-08-02,AAPL,136.76,140.37,135.96,139.49,139.49,65915976
2023-08-03,AAPL,140.88,142.94,140.14,141.75,141.75,71026091
2023-08-04,AAPL,141.46,142.11,139.55,140.63,140.63,69511168
2023-08-07,AAPL,141.12,143.36,140.00,142.92,142.92,72728223
2023-08-08,AAPL,141.97,145.75,141.68,145.11,145.11,72890190
2023-08-09,AAPL,146.26,147.19,144.92,146.03,146.03,59074213
2023-08-10,AAPL,146.76,147.16,140.08,141.40,141.40,71212222
2023-08-11,AAPL,141.59,142.28,139.10,139.69,139.69,59443941
2023-08-14,AAPL,138.66,139.61,137.72,138.06,138.06,63549525
2023-08-15,AAPL,137.73,138.69,136.97,138.00,138.00,63276002
2023-08-16,AAPL,137.68,139.81,136.91,139.21,139.21,67828886
2023-08-17,AAPL,139.16,140.15,137.31,138.67,138.67,54430698
2023-08-18,AAPL,138.13,141.33,137.23,140.28,140.28,59295150
2023-08-21,AAPL,140.36,140.46,139.13,140.15,140.15,63890817
2023-08-22,AAPL,140.24,143.32,139.40,142.17,142.17,52423885
2023-08-23,AAPL,142.39,146.73,141.00,144.58,144.58,66334108
2023-08-24,AAPL,143.02,148.58,142.10,148.05,148.05,53144559
2023-08-25,AAPL,146.55,148.90,145.75,147.38,147.38,56664310
2023-08-28,AAPL,148.70,148.75,144.84,146.02,146.02,55449669
2023-08-29,AAPL,146.96,147.55,144.73,145.14,145.14,59604403
2023-08-30,AAPL,144.80,147.14,143.95,145.83,145.83,50320422
2023-08-31,AAPL,145.21,146.34,144.34,145.37,145.37,52755212
2023-09-01,AAPL,145.69,146.19,141.83,142.87,142.87,51191102
2023-09-04,AAPL,143.67,144.72,141.80,144.02,144.02,59114319
2023-09-05,AAPL,143.80,144.71,143.44,144.17,144.17,62295420
2023-09-06,AAPL,144.06,145.55,143.01,144.63,144.63,46814856
2023-09-07,AAPL,145.06,146.16,141.86,142.49,142.49,46684292
2023-09-08,AAPL,142.85,143.88,140.24,141.92,141.92,46607534
2023-09-11,AAPL,144.00,149.32,142.18,148.33,148.33,55073160
2023-09-12,AAPL,149.42,150.14,147.95,148.49,148.49,50246807
2023-09-13,AAPL,146.67,151.61,145.85,151.16,151.16,49606718
2023-09-14,AAPL,151.99,158.72,151.77,157.02,157.02,55329676
2023-09-15,AAPL,155.94,157.29,153.90,154.95,154.95,55488100
2023-09-18,AAPL,153.51,154.23,150.58,151.92,151.92,47097606
2023-09-19,AAPL,152.47,153.06,151.40,152.23,152.23,48305494
2023-09-20,AAPL,153.59,154.86,152.66,152.70,152.70,53922581
2023-09-21,AAPL,153.19,153.67,150.62,151.44,151.44,48759782
2023-09-22,AAPL,152.70,155.43,152.20,153.72,153.72,46059206
2023-09-25,AAPL,153.34,154.68,148.48,149.52,149.52,54715701
2023-09-26,AAPL,148.42,149.60,143.59,145.15,145.15,56807569
2023-09-27,AAPL,144.61,145.72,142.25,144.02,144.02,49863557
2023-09-28,AAPL,143.98,146.28,143.54,144.40,144.40,46897391
2023-09-29,AAPL,142.94,144.37,142.42,142.93,142.93,56919333
2023-10-02,AAPL,144.76,146.23,144.13,146.07,146.07,51711559
2023-10-03,AAPL,146.34,147.07,142.23,143.47,143.47,60378863
2023-10-04,AAPL,143.48,144.82,141.78,142.58,142.58,59927601
2023-10-05,AAPL,143.11,143.91,141.56,142.53,142.53,60635841
2023-10-06,AAPL,143.01,143.99,141.15,143.20,143.20,56182271
2023-10-09,AAPL,142.50,143.45,141.02,142.16,142.16,56378714
2023-10-10,AAPL,141.30,142.92,140.98,142.43,142.43,51515252
2023-10-11,AAPL,141.44,142.33,141.28,141.59,141.59,55332622
2023-10-12,AAPL,142.91,145.81,141.46,144.61,144.61,56220213
2023-10-13,AAPL,146.28,149.94,145.47,147.94,147.94,57266461
2023-10-16,AAPL,148.31,153.71,147.64,152.16,152.16,61768955
2023-10-17,AAPL,152.18,154.06,151.39,153.25,153.25,51968218
2023-10-18,AAPL,153.32,156.24,151.94,155.76,155.76,61127714
2023-10-19,AAPL,154.93,160.11,154.07,159.21,159.21,59394314
2023-10-20,AAPL,159.16,159.74,157.83,158.71,158.71,55814278
2023-10-23,AAPL,158.90,163.39,158.71,162.82,162.82,66820915
2023-10-24,AAPL,164.79,167.50,163.86,166.87,166.87,62520958
2023-10-25,AAPL,166.57,167.51,160.73,162.19,162.19,58957576
2023-10-26,AAPL,161.92,165.21,160.19,164.19,164.19,58316740
2023-10-27,AAPL,162.44,162.87,160.32,160.50,160.50,66620449
2023-10-30,AAPL,160.70,163.36,159.35,162.78,162.78,65158167
2023-10-31,AAPL,162.81,164.49,161.84,164.03,164.03,68237773
2023-11-01,AAPL,166.40,168.44,162.27,163.08,163.08,71104307
2023-11-02,AAPL,163.26,166.27,163.03,164.59,164.59,64267308
2023-11-03,AAPL,166.81,167.65,165.29,165.92,165.92,66005723
2023-11-06,AAPL,165.82,167.20,164.26,165.07,165.07,60973680
2023-11-07,AAPL,164.21,165.08,160.24,160.73,160.73,59387755
2023-11-08,AAPL,161.91,162.02,160.24,160.83,160.83,70048727
2023-11-09,AAPL,160.30,162.69,159.60,161.71,161.71,70840235
2023-11-10,AAPL,160.58,161.70,159.02,159.95,159.95,67185134
2023-11-13,AAPL,160.33,160.77,159.68,160.23,160.23,70410484
2023-11-14,AAPL,161.23,162.58,156.91,157.93,157.93,68530389
2023-11-15,AAPL,157.98,159.40,154.96,155.72,155.72,72914615
2023-11-16,AAPL,155.25,156.23,152.69,153.23,153.23,66170521
2023-11-17,AAPL,152.86,154.19,150.96,152.47,152.47,73178709
2023-11-20,AAPL,153.22,155.04,152.15,154.24,154.24,78853578
2023-11-21,AAPL,155.06,155.96,152.97,154.14,154.14,66647479
2023-11-22,AAPL,154.63,155.35,151.05,151.95,151.95,65456576
2023-11-23,AAPL,152.27,152.85,150.84,151.52,151.52,70843671
2023-11-24,AAPL,151.59,154.66,151.40,153.61,153.61,74172138
2023-11-27,AAPL,152.18,157.57,151.39,156.89,156.89,71552188
2023-11-28,AAPL,157.54,159.14,156.33,158.22,158.22,68324350
2023-11-29,AAPL,158.61,159.38,155.37,156.32,156.32,70070045
2023-11-30,AAPL,155.81,159.22,154.86,158.93,158.93,73829745
2023-12-01,AAPL,159.43,162.15,158.61,160.77,160.77,76825973
2023-12-04,AAPL,162.09,162.58,157.51,158.65,158.65,80481416
2023-12-05,AAPL,156.66,161.54,155.41,160.30,160.30,82771868
2023-12-06,AAPL,159.26,160.43,156.90,158.28,158.28,72417654
2023-12-07,AAPL,159.69,160.02,157.70,158.69,158.69,71284225
2023-12-08,AAPL,159.37,160.43,157.93,158.43,158.43,82977056
2023-12-11,AAPL,157.94,158.20,154.38,155.11,155.11,76659836
2023-12-12,AAPL,155.36,159.99,154.54,158.73,158.73,80873129
2023-12-13,AAPL,160.15,161.47,159.00,159.18,159.18,74382104
2023-12-14,AAPL,158.72,159.56,156.80,158.09,158.09,70099705
2023-12-15,AAPL,156.45,158.68,153.99,155.56,155.56,75517712
2023-12-18,AAPL,154.99,156.75,152.13,152.61,152.61,74427500
2023-12-19,AAPL,152.17,152.47,146.89,148.52,148.52,76317858
2023-12-20,AAPL,147.42,148.56,142.53,143.59,143.59,78330953
2023-12-21,AAPL,144.58,146.64,141.58,142.78,142.78,78383542
2023-12-22,AAPL,141.00,141.47,136.42,137.89,137.89,68602601
2023-12-25,AAPL,137.93,139.76,137.13,139.43,139.43,76342345
2023-12-26,AAPL,138.89,139.39,137.23,138.39,138.39,77752268
2023-12-27,AAPL,137.87,138.65,135.09,135.98,135.98,67824952
2023-12-28,AAPL,137.74,139.23,135.35,136.57,136.57,78012597
2023-12-29,AAPL,137.12,138.78,136.22,138.22,138.22,73529612
2024-01-01,AAPL,138.53,139.28,137.71,138.09,138.09,66193107
2024-01-02,AAPL,139.53,140.97,137.14,138.51,138.51,75550781
2024-01-03,AAPL,139.45,143.75,138.91,142.26,142.26,72926095
2024-01-04,AAPL,142.71,143.51,142.25,143.36,143.36,67725647
2024-01-05,AAPL,142.20,144.26,140.77,143.16,143.16,70017430
2024-01-08,AAPL,143.37,147.30,141.97,146.24,146.24,69428702
2024-01-09,AAPL,146.25,148.60,144.70,147.83,147.83,75765258
2024-01-10,AAPL,147.99,150.14,147.31,149.05,149.05,67367163
2024-01-11,AAPL,149.46,150.64,149.02,149.99,149.99,72091757
2024-01-12,AAPL,150.81,151.54,149.16,150.20,150.20,66731003
2024-01-15,AAPL,149.17,152.20,148.92,151.01,151.01,65258988
2024-01-16,AAPL,150.42,153.84,149.86,153.10,153.10,63702472
2024-01-17,AAPL,153.65,154.38,153.03,153.43,153.43,66137721
2024-01-18,AAPL,152.75,153.20,149.56,150.71,150.71,67548867
2024-01-19,AAPL,149.49,150.95,147.81,148.70,148.70,66153258
2024-01-22,AAPL,149.26,150.50,148.84,149.21,149.21,71859402
2024-01-23,AAPL,149.31,150.85,147.79,149.42,149.42,66156347
2024-01-24,AAPL,149.38,150.09,146.78,147.24,147.24,70219790
2024-01-25,AAPL,147.43,147.59,146.00,146.57,146.57,59222439
2024-01-26,AAPL,147.25,147.87,146.32,147.14,147.14,62590293
2024-01-29,AAPL,146.53,146.89,142.76,143.63,143.63,63924404
2024-01-30,AAPL,144.61,148.66,144.12,147.59,147.59,67519785
2024-01-31,AAPL,146.09,147.19,145.10,146.59,146.59,60260702
2024-02-01,AAPL,147.59,151.98,147.08,151.07,151.07,53085606
2024-02-02,AAPL,151.33,152.44,149.40,149.86,149.86,53940928
2024-02-05,AAPL,149.20,150.97,148.86,149.85,149.85,57291932
2024-02-06,AAPL,148.90,151.49,147.74,151.14,151.14,64027428
2024-02-07,AAPL,151.74,153.86,150.67,152.55,152.55,55040420
2024-02-08,AAPL,152.23,153.52,150.74,151.60,151.60,59413976
2024-02-09,AAPL,153.39,155.00,152.52,153.37,153.37,50900310
2024-02-12,AAPL,154.53,158.16,153.51,157.36,157.36,53471589
2024-02-13,AAPL,156.99,159.42,156.32,158.23,158.23,60290162
2024-02-14,AAPL,158.88,160.09,158.07,158.63,158.63,50297418
2024-02-15,AAPL,158.28,158.78,156.01,157.22,157.22,58122318
2024-02-16,AAPL,155.67,157.49,154.29,157.19,157.19,58750199
2024-02-19,AAPL,156.84,160.64,156.03,159.28,159.28,46764359
2024-02-20,AAPL,157.92,163.39,156.28,161.35,161.35,57027276
2024-02-21,AAPL,160.56,162.08,158.81,160.00,160.00,49711204
2024-02-22,AAPL,159.65,164.81,158.67,164.26,164.26,50522269
2024-02-23,AAPL,165.37,165.83,163.57,164.32,164.32,51267449
2024-02-26,AAPL,163.29,168.57,162.12,166.89,166.89,59303156
2024-02-27,AAPL,167.02,168.36,165.84,166.42,166.42,45071859
2024-02-28,AAPL,166.37,171.52,165.40,169.39,169.39,59685694
2024-02-29,AAPL,168.91,170.29,167.82,168.66,168.66,55723846
2024-03-01,AAPL,168.99,169.63,168.56,168.94,168.94,45497680
2024-03-04,AAPL,169.46,170.36,167.77,168.43,168.43,55544694
2024-03-05,AAPL,168.68,171.21,167.47,170.15,170.15,54458126
2024-03-06,AAPL,171.67,174.64,170.59,172.80,172.80,58188866
2024-03-07,AAPL,174.22,179.19,173.73,178.33,178.33,48335262
2024-03-08,AAPL,179.49,180.94,175.75,177.08,177.08,59320696
2024-03-11,AAPL,178.08,179.57,177.88,177.94,177.94,55381736
2024-03-12,AAPL,177.91,180.91,176.86,179.90,179.90,55632647
2024-03-13,AAPL,180.76,183.89,178.80,182.58,182.58,60300843
2024-03-14,AAPL,183.46,184.71,179.84,180.75,180.75,46724398
2024-03-15,AAPL,181.18,183.64,180.59,182.61,182.61,52444470
2024-03-18,AAPL,183.16,184.27,181.84,183.21,183.21,54756425
2024-03-19,AAPL,182.17,182.98,177.15,179.48,179.48,46182613
2024-03-20,AAPL,178.19,181.75,176.51,180.88,180.88,54569984
2024-03-21,AAPL,181.88,183.93,181.55,183.41,183.41,59655672
2024-03-22,AAPL,183.05,188.12,181.53,186.50,186.50,56646206
2024-03-25,AAPL,187.51,194.76,186.35,193.05,193.05,52360486
2024-03-26,AAPL,194.75,199.67,193.81,199.00,199.00,58902844
2024-03-27,AAPL,200.19,203.71,199.01,202.26,202.26,57717016
2024-03-28,AAPL,202.65,206.70,201.38,205.26,205.26,61545030
2024-03-29,AAPL,205.86,206.85,204.34,204.55,204.55,55870921
2024-04-01,AAPL,204.06,204.68,203.03,204.28,204.28,53901249
2024-04-02,AAPL,204.53,208.79,204.09,206.09,206.09,52353217
2024-04-03,AAPL,205.81,206.26,203.20,203.56,203.56,61690269
2024-04-04,AAPL,202.73,202.91,199.95,201.73,201.73,54801235
2024-04-05,AAPL,201.91,204.14,200.44,203.54,203.54,61559998
2024-04-08,AAPL,204.15,209.66,203.24,208.62,208.62,52118780
2024-04-09,AAPL,206.74,208.77,203.50,206.04,206.04,61253020
2024-04-10,AAPL,205.80,207.00,199.14,200.93,200.93,65639509
2024-04-11,AAPL,199.99,202.83,199.47,200.85,200.85,54142908
2024-04-12,AAPL,201.95,202.69,199.70,200.83,200.83,63921551
2024-04-15,AAPL,199.82,200.82,196.75,197.93,197.93,69266011
2024-04-16,AAPL,197.46,198.64,193.96,195.41,195.41,65081592
2024-04-17,AAPL,194.89,196.06,193.49,194.61,194.61,70465462
2024-04-18,AAPL,193.95,196.19,192.68,195.59,195.59,59183000
2024-04-19,AAPL,198.28,203.90,196.85,201.62,201.62,69248384
2024-04-22,AAPL,200.37,201.41,198.60,200.48,200.48,69954118
2024-04-23,AAPL,202.51,203.45,199.45,200.52,200.52,69761634
2024-04-24,AAPL,200.08,203.54,199.69,201.76,201.76,65780091
2024-04-25,AAPL,202.33,206.41,199.97,205.42,205.42,65125015
2024-04-26,AAPL,206.13,209.95,204.51,209.05,209.05,73365728
2024-04-29,AAPL,210.71,211.14,208.07,209.51,209.51,69039521
2024-04-30,AAPL,209.48,215.91,209.01,214.71,214.71,74661755
2024-05-01,AAPL,214.85,215.89,213.31,214.99,214.99,67650094
2024-05-02,AAPL,213.50,215.36,209.28,210.58,210.58,75085153
2024-05-03,AAPL,208.53,209.74,204.54,205.48,205.48,71738020
2024-05-06,AAPL,205.35,211.26,204.51,208.38,208.38,65715642
2024-05-07,AAPL,207.84,210.26,206.95,207.56,207.56,72504637
2024-05-08,AAPL,208.94,209.18,202.14,203.62,203.62,73964193
2024-05-09,AAPL,203.99,206.56,202.99,205.23,205.23,74160118
2024-05-10,AAPL,205.92,211.41,204.31,209.79,209.79,79298907
2024-05-13,AAPL,211.87,212.82,209.39,209.67,209.67,70723356
2024-05-14,AAPL,209.94,211.52,206.65,207.78,207.78,78646440
2024-05-15,AAPL,207.42,209.02,204.00,205.83,205.83,72857029
2024-05-16,AAPL,206.63,209.79,206.07,208.45,208.45,74094107
2024-05-17,AAPL,209.08,210.86,206.71,208.76,208.76,80439887
2024-05-20,AAPL,207.13,208.64,203.39,205.81,205.81,69289571
2024-05-21,AAPL,206.32,208.71,204.49,207.92,207.92,78358139
2024-05-22,AAPL,210.12,212.10,205.60,208.22,208.22,81500040
2024-05-23,AAPL,208.83,210.08,202.00,203.91,203.91,80783768
2024-05-24,AAPL,203.31,205.61,201.69,203.40,203.40,71129119
2024-05-27,AAPL,205.07,209.02,203.21,208.38,208.38,78287315
2024-05-28,AAPL,209.22,213.71,208.09,212.22,212.22,68592741
2024-05-29,AAPL,213.96,216.35,212.94,214.96,214.96,81733906
2024-05-30,AAPL,213.94,216.79,212.47,214.81,214.81,70313378
2024-05-31,AAPL,214.18,217.76,213.64,216.58,216.58,73860290
2024-06-03,AAPL,215.85,217.24,212.93,214.62,214.62,72046824
2024-06-04,AAPL,214.87,215.48,212.08,212.77,212.77,78092224
2024-06-05,AAPL,214.03,215.10,211.46,212.66,212.66,71776499
2024-06-06,AAPL,213.55,214.12,210.33,210.71,210.71,71081892
2024-06-07,AAPL,209.05,210.83,204.37,204.92,204.92,79809313
2024-06-10,AAPL,203.55,204.88,201.60,202.26,202.26,75940444
2024-06-11,AAPL,202.25,203.69,197.21,198.88,198.88,69855450
2024-06-12,AAPL,199.28,204.72,197.01,203.71,203.71,73796764
2024-06-13,AAPL,203.33,206.19,196.77,197.95,197.95,67238130
2024-06-14,AAPL,198.83,198.99,197.29,198.26,198.26,77572442
2024-06-17,AAPL,199.63,209.29,197.29,207.81,207.81,78207594
2024-06-18,AAPL,209.69,211.34,202.57,203.77,203.77,68396788
2024-06-19,AAPL,202.55,203.33,197.54,197.60,197.60,64476525
2024-06-20,AAPL,196.54,197.42,194.10,195.14,195.14,79467295
2024-06-21,AAPL,198.36,202.53,197.64,200.81,200.81,68273450
2024-06-24,AAPL,201.11,203.09,199.27,200.76,200.76,62935192
2024-06-25,AAPL,200.75,202.31,198.94,199.94,199.94,64284283
2024-06-26,AAPL,200.57,202.16,198.84,198.90,198.90,62571511
2024-06-27,AAPL,199.11,204.17,198.43,202.05,202.05,75235784
2024-06-28,AAPL,201.86,203.92,196.86,198.46,198.46,71590972
2024-07-01,AAPL,198.79,199.88,195.54,197.02,197.02,62560099
2024-07-02,AAPL,195.76,196.50,194.04,194.69,194.69,64665414
2024-07-03,AAPL,197.43,200.72,197.33,200.00,200.00,71961216
2024-07-04,AAPL,201.39,202.83,197.36,198.01,198.01,70479843
2024-07-05,AAPL,197.44,198.43,195.87,196.12,196.12,73483732
2024-07-08,AAPL,195.10,196.37,189.14,189.55,189.55,60019472
2024-07-09,AAPL,188.01,189.53,181.50,182.52,182.52,65847762
2024-07-10,AAPL,183.30,185.95,182.01,184.95,184.95,61571674
2024-07-11,AAPL,184.88,186.99,183.93,185.69,185.69,67042083
2024-07-12,AAPL,184.12,185.18,180.21,181.37,181.37,58062334
2024-07-15,AAPL,181.77,182.85,179.70,181.04,181.04,53966747
2024-07-16,AAPL,181.39,184.07,180.14,183.26,183.26,60297869
2024-07-17,AAPL,183.31,184.16,179.05,180.06,180.06,60810136
2024-07-18,AAPL,178.69,179.85,178.00,178.75,178.75,59759807
2024-07-19,AAPL,179.68,184.27,178.15,183.31,183.31,67588076
2024-07-22,AAPL,183.92,186.41,183.03,185.05,185.05,52325666
2024-07-23,AAPL,184.36,186.08,176.87,178.34,178.34,60821746
2024-07-24,AAPL,177.30,179.99,175.91,179.63,179.63,60189913
2024-07-25,AAPL,179.23,181.02,177.93,179.65,179.65,52679154
2024-07-26,AAPL,180.38,182.07,176.21,176.97,176.97,60083699
2024-07-29,AAPL,177.74,179.47,175.41,176.68,176.68,62619467
2024-07-30,AAPL,176.70,177.99,174.14,175.19,175.19,61900783
2024-07-31,AAPL,173.98,175.06,170.44,171.58,171.58,50515139
2024-08-01,AAPL,169.43,170.19,163.54,164.57,164.57,60411193
2024-08-02,AAPL,165.26,166.14,161.70,162.50,162.50,55990420
2024-08-05,AAPL,163.11,163.85,159.66,160.83,160.83,47253707
2024-08-06,AAPL,161.91,162.94,159.76,161.11,161.11,47209251
2024-08-07,AAPL,162.32,165.36,160.93,163.78,163.78,59431291
2024-08-08,AAPL,163.11,163.56,156.05,156.67,156.67,59703726
2024-08-09,AAPL,157.42,159.07,154.06,154.84,154.84,61061050
2024-08-12,AAPL,155.14,155.89,149.26,150.19,150.19,60281112
2024-08-13,AAPL,150.00,150.41,149.17,149.84,149.84,54536559
2024-08-14,AAPL,148.71,150.15,145.57,146.96,146.96,47693260
2024-08-15,AAPL,146.79,148.46,145.63,147.50,147.50,45384061
2024-08-16,AAPL,148.73,149.24,141.32,142.76,142.76,55097816
2024-08-19,AAPL,143.68,145.44,142.19,144.87,144.87,58057956
2024-08-20,AAPL,145.22,147.21,144.12,146.64,146.64,49116940
2024-08-21,AAPL,146.40,147.95,140.54,141.44,141.44,54342929
2024-08-22,AAPL,141.32,141.96,137.93,138.88,138.88,54382804
2024-08-23,AAPL,137.81,138.80,132.21,133.11,133.11,57663161
2024-08-26,AAPL,133.50,134.84,132.78,134.40,134.40,51575441
2024-08-27,AAPL,135.57,135.97,134.38,134.99,134.99,47699507
2024-08-28,AAPL,135.43,135.76,134.53,134.95,134.95,45620750
2024-08-29,AAPL,135.96,136.73,131.87,132.55,132.55,53133085
2024-08-30,AAPL,131.74,136.46,130.86,134.91,134.91,50464845
2024-09-02,AAPL,136.35,137.56,134.37,134.70,134.70,60207740
2024-09-03,AAPL,135.38,136.16,135.22,135.33,135.33,51291603
2024-09-04,AAPL,136.17,136.83,135.07,135.68,135.68,49761127
2024-09-05,AAPL,135.25,137.00,134.39,136.67,136.67,52821113
2024-09-06,AAPL,135.78,137.55,134.67,136.54,136.54,55410088
2024-09-09,AAPL,137.36,137.65,133.67,134.40,134.40,50207020
2024-09-10,AAPL,135.82,137.88,135.27,136.90,136.90,55358960
2024-09-11,AAPL,137.14,139.64,135.94,138.69,138.69,55921131
2024-09-12,AAPL,138.65,139.55,134.84,135.73,135.73,54835395
2024-09-13,AAPL,135.79,137.05,132.89,133.58,133.58,58310418
2024-09-16,AAPL,133.97,135.30,132.79,133.18,133.18,61110921
2024-09-17,AAPL,133.28,135.09,132.24,133.54,133.54,63148509
2024-09-18,AAPL,133.19,137.13,132.87,136.68,136.68,55107245
2024-09-19,AAPL,135.88,137.40,134.46,134.47,134.47,62580800
2024-09-20,AAPL,134.57,139.13,134.20,138.64,138.64,51833473
2024-09-23,AAPL,139.76,141.61,139.16,140.15,140.15,64160719
2024-09-24,AAPL,139.46,140.02,137.04,138.13,138.13,57065712
2024-09-25,AAPL,138.82,139.38,138.07,139.12,139.12,63231079
2024-09-26,AAPL,139.72,142.01,139.57,141.58,141.58,60297813
2024-09-27,AAPL,141.16,141.87,137.25,138.70,138.70,62701263
2024-09-30,AAPL,139.67,145.38,139.48,145.06,145.06,59603930
2024-10-01,AAPL,143.28,143.98,139.94,140.56,140.56,64507089
2024-10-02,AAPL,138.76,140.30,138.63,139.21,139.21,66501437
2024-10-03,AAPL,139.63,140.52,137.37,138.27,138.27,65384083
2024-10-04,AAPL,138.26,140.32,137.23,139.84,139.84,58234230
2024-10-07,AAPL,138.48,139.47,132.66,133.13,133.13,70207603
2024-10-08,AAPL,134.10,135.60,134.05,134.60,134.60,70102711
2024-10-09,AAPL,135.13,136.23,132.91,134.23,134.23,68780014
2024-10-10,AAPL,134.57,136.08,133.53,135.05,135.05,73550006
2024-10-11,AAPL,134.40,136.02,130.16,130.66,130.66,71530874
2024-10-14,AAPL,131.05,133.44,130.61,132.66,132.66,74323677
2024-10-15,AAPL,132.15,134.08,131.59,133.66,133.66,63614062
2024-10-16,AAPL,133.96,133.99,130.12,130.43,130.43,63353506
2024-10-17,AAPL,130.52,131.74,128.34,129.51,129.51,71551553
2024-10-18,AAPL,129.76,130.67,129.15,129.77,129.77,66507938
2024-10-21,AAPL,131.69,133.38,128.83,128.89,128.89,66015807
2024-10-22,AAPL,130.01,130.88,128.72,129.05,129.05,74644181
2024-10-23,AAPL,128.99,131.96,128.07,130.77,130.77,67992051
2024-10-24,AAPL,130.29,131.42,129.96,130.60,130.60,77688268
2024-10-25,AAPL,130.19,131.01,129.24,130.60,130.60,72449476
2024-10-28,AAPL,130.43,133.48,129.59,132.43,132.43,71859524
2024-10-29,AAPL,131.91,136.71,131.61,135.87,135.87,66222216
2024-10-30,AAPL,134.84,135.66,132.51,133.93,133.93,71993099
2024-10-31,AAPL,134.28,134.74,133.42,134.21,134.21,67577145
2024-11-01,AAPL,133.61,135.23,132.18,134.59,134.59,76724150
2024-11-04,AAPL,134.46,135.18,132.16,132.75,132.75,82048663
2024-11-05,AAPL,132.84,134.08,128.52,130.03,130.03,80726160
2024-11-06,AAPL,130.35,131.10,128.98,129.56,129.56,79564905
2024-11-07,AAPL,129.68,133.34,128.48,132.10,132.10,80653898
2024-11-08,AAPL,132.48,137.26,131.19,136.46,136.46,68262957
2024-11-11,AAPL,136.32,137.74,134.83,136.13,136.13,68308944
2024-11-12,AAPL,135.35,135.78,133.77,134.93,134.93,75478786
2024-11-13,AAPL,134.40,135.19,133.58,134.34,134.34,74568927
2024-11-14,AAPL,133.33,134.06,130.86,132.19,132.19,69765367
2024-11-15,AAPL,133.01,133.26,129.11,129.85,129.85,72131697
2024-11-18,AAPL,130.09,131.92,129.06,131.05,131.05,71693949
2024-11-19,AAPL,129.20,132.43,128.12,131.89,131.89,69834001
2024-11-20,AAPL,132.12,135.58,130.44,134.53,134.53,72520862
2024-11-21,AAPL,134.66,135.98,133.75,135.01,135.01,76407420
2024-11-22,AAPL,134.60,135.82,133.33,134.40,134.40,78684760
2024-11-25,AAPL,132.67,133.20,131.87,132.32,132.32,71253242
2024-11-26,AAPL,132.57,133.94,132.52,132.83,132.83,80298123
2024-11-27,AAPL,134.21,134.77,132.26,133.67,133.67,67278826
2024-11-28,AAPL,132.31,135.96,131.51,134.93,134.93,76201640
2024-11-29,AAPL,135.60,137.05,134.57,136.76,136.76,79714378
2024-12-02,AAPL,135.97,136.79,134.99,136.08,136.08,71298787
2024-12-03,AAPL,135.93,137.92,134.59,137.70,137.70,77587708
2024-12-04,AAPL,138.52,139.46,134.26,135.25,135.25,75916090
2024-12-05,AAPL,135.95,141.57,134.78,140.49,140.49,73179980
2024-12-06,AAPL,140.61,140.91,137.32,138.36,138.36,75860813
2024-12-09,AAPL,138.52,139.03,138.40,138.51,138.51,77250872
2024-12-10,AAPL,139.88,144.35,138.75,143.16,143.16,62544413
2024-12-11,AAPL,143.64,148.39,142.72,146.63,146.63,70045672
2024-12-12,AAPL,145.48,146.29,145.09,146.06,146.06,71931861
2024-12-13,AAPL,145.30,147.94,144.99,147.29,147.29,67395769
2024-12-16,AAPL,146.72,147.22,144.74,146.16,146.16,66019547
2024-12-17,AAPL,147.48,151.42,146.98,150.04,150.04,59176493
2024-12-18,AAPL,149.63,151.03,148.93,149.12,149.12,72977977
2024-12-19,AAPL,150.40,153.17,149.14,152.43,152.43,62462162
2024-12-20,AAPL,152.63,154.94,152.08,154.31,154.31,61136989
2024-12-23,AAPL,154.78,157.84,153.94,157.08,157.08,64952626
2024-12-24,AAPL,157.23,157.49,155.46,156.41,156.41,57705932
2024-12-25,AAPL,156.55,156.66,155.60,156.28,156.28,68661769
2024-12-26,AAPL,155.48,156.23,151.84,153.28,153.28,58243948
2024-12-27,AAPL,152.44,152.90,149.67,151.29,151.29,67872750
2024-12-30,AAPL,152.28,153.17,151.60,152.84,152.84,61514699
2024-12-31,AAPL,151.99,152.71,150.76,151.73,151.73,64042391
2025-01-01,AAPL,152.55,154.52,152.43,153.04,153.04,57305603
2025-01-02,AAPL,152.77,154.46,149.42,150.93,150.93,60097576
2025-01-03,AAPL,152.04,155.19,151.34,154.31,154.31,61525198
2025-01-06,AAPL,154.75,156.35,154.08,155.22,155.22,64564312
2025-01-07,AAPL,153.77,155.84,152.55,154.54,154.54,65745180
2025-01-08,AAPL,153.51,155.13,149.86,151.44,151.44,57357104
2025-01-09,AAPL,149.54,150.78,145.49,146.75,146.75,58083382
2025-01-10,AAPL,145.64,145.98,144.36,145.47,145.47,64214523
2025-01-13,AAPL,145.36,146.49,139.48,140.82,140.82,60502829
2025-01-14,AAPL,140.46,141.38,140.10,140.85,140.85,53209285
2025-01-15,AAPL,140.83,142.61,138.19,138.90,138.90,60185329
2025-01-16,AAPL,139.74,140.41,138.61,139.77,139.77,60506049
2025-01-17,AAPL,140.41,142.39,140.23,141.76,141.76,51652638
2025-01-20,AAPL,140.86,142.79,139.38,142.21,142.21,55585102
2025-01-21,AAPL,141.79,142.39,140.26,140.86,140.86,51777316
2025-01-22,AAPL,140.64,142.09,140.38,141.52,141.52,48681899
2025-01-23,AAPL,141.49,142.25,137.37,138.38,138.38,51351240
2025-01-24,AAPL,137.96,139.40,134.95,135.53,135.53,56525814
2025-01-27,AAPL,133.97,134.60,132.28,133.85,133.85,58577076
2025-01-28,AAPL,133.88,135.38,132.98,134.67,134.67,45798149
2025-01-29,AAPL,135.95,137.83,134.85,136.83,136.83,48915584
2025-01-30,AAPL,137.07,138.25,136.52,137.37,137.37,53685881
2025-01-31,AAPL,137.68,142.54,136.35,141.01,141.01,56939350
2025-02-03,AAPL,140.79,141.38,138.84,139.35,139.35,53062541
2025-02-04,AAPL,137.89,139.17,136.46,138.48,138.48,60024360
2025-02-05,AAPL,139.06,140.05,137.21,137.42,137.42,53765378
2025-02-06,AAPL,137.87,141.80,136.25,140.71,140.71,58991714
2025-02-07,AAPL,139.56,143.32,139.06,141.90,141.90,55506591
2025-02-10,AAPL,142.74,143.57,140.19,140.75,140.75,56919904
2025-02-11,AAPL,140.60,143.14,139.18,142.00,142.00,48042672
2025-02-12,AAPL,141.68,145.58,140.75,144.62,144.62,49767045
2025-02-13,AAPL,144.46,145.04,142.55,143.24,143.24,50839066
2025-02-14,AAPL,143.66,145.48,137.74,138.81,138.81,55545609
2025-02-17,AAPL,139.42,143.88,138.99,143.49,143.49,54029165
2025-02-18,AAPL,142.44,144.28,141.29,142.82,142.82,54909470
2025-02-19,AAPL,143.36,144.69,142.28,143.36,143.36,53396122
2025-02-20,AAPL,143.12,143.46,139.35,140.91,140.91,57896547
2025-02-21,AAPL,141.60,142.59,138.89,140.43,140.43,56043191
2025-02-24,AAPL,140.60,141.45,137.61,137.84,137.84,49467396
2025-02-25,AAPL,137.06,138.35,135.29,135.78,135.78,58386749
2025-02-26,AAPL,136.02,137.13,135.23,135.78,135.78,61769475
2025-02-27,AAPL,135.51,137.50,134.78,137.01,137.01,64167498
2025-02-28,AAPL,136.86,137.19,132.56,133.32,133.32,57531244
2025-03-03,AAPL,133.78,138.37,132.53,137.37,137.37,65776946
2025-03-04,AAPL,138.62,143.54,138.30,142.61,142.61,60908340
2025-03-05,AAPL,143.12,146.57,143.11,145.57,145.57,58044294
2025-03-06,AAPL,145.06,146.77,144.97,145.47,145.47,63916591
2025-03-07,AAPL,144.23,145.93,143.63,144.39,144.39,54621619
2025-03-10,AAPL,144.60,148.53,143.69,147.48,147.48,55602883
2025-03-11,AAPL,146.39,147.41,145.66,146.81,146.81,57540057
2025-03-12,AAPL,147.34,147.91,144.07,145.15,145.15,60327169
2025-03-13,AAPL,144.20,144.68,142.35,142.75,142.75,67073188
2025-03-14,AAPL,142.49,143.57,141.66,142.18,142.18,63428797
2025-03-17,AAPL,143.11,146.41,142.08,145.59,145.59,68436873
2025-03-18,AAPL,145.21,147.64,144.44,146.71,146.71,58826598
2025-03-19,AAPL,146.61,146.88,143.87,145.23,145.23,65965321
2025-03-20,AAPL,146.42,147.02,143.58,145.32,145.32,70751174
2025-03-21,AAPL,144.39,147.01,143.54,146.08,146.08,72688657
2025-03-24,AAPL,145.92,147.39,143.78,144.66,144.66,67618349
2025-03-25,AAPL,144.55,145.60,141.93,143.47,143.47,71372352
2025-03-26,AAPL,144.21,144.76,142.34,142.79,142.79,62471379
2025-03-27,AAPL,143.88,145.61,142.80,144.75,144.75,71595579
2025-03-28,AAPL,143.13,145.55,143.08,144.09,144.09,70102040
2025-03-31,AAPL,144.35,145.18,140.63,141.64,141.64,63083265
2025-04-01,AAPL,142.70,144.57,141.96,143.32,143.32,73224976
2025-04-02,AAPL,142.99,143.18,142.03,142.26,142.26,67804358
2025-04-03,AAPL,142.32,142.82,140.05,140.34,140.34,65521922
2025-04-04,AAPL,140.02,140.68,136.88,138.11,138.11,63519297
2025-04-07,AAPL,139.45,140.15,137.68,137.94,137.94,68532623
2025-04-08,AAPL,137.56,138.68,137.55,137.94,137.94,72086635
2025-04-09,AAPL,138.42,139.05,134.27,135.10,135.10,75559461
2025-04-10,AAPL,134.13,135.08,130.54,131.16,131.16,74148816
2025-04-11,AAPL,132.36,133.57,132.03,133.22,133.22,80437512
2025-04-14,AAPL,133.33,136.74,132.43,135.40,135.40,72599436
2025-04-15,AAPL,134.85,136.00,133.97,134.88,134.88,81105793
2025-04-16,AAPL,134.88,137.79,134.45,136.90,136.90,70130461
2025-04-17,AAPL,136.21,139.06,135.56,138.09,138.09,75039490
2025-04-18,AAPL,138.03,138.25,135.20,136.01,136.01,81077409
2025-04-21,AAPL,135.49,141.21,135.30,140.66,140.66,69394210
2025-04-22,AAPL,140.83,142.26,138.96,139.60,139.60,69649968
2025-04-23,AAPL,138.64,139.29,137.34,138.40,138.40,75505396
2025-04-24,AAPL,139.05,140.09,137.60,139.19,139.19,76108393
2025-04-25,AAPL,138.76,140.66,137.84,140.28,140.28,68262788
2025-04-28,AAPL,140.58,145.10,139.07,143.33,143.33,78145360
2025-04-29,AAPL,141.90,144.54,140.52,143.72,143.72,70432865
2025-04-30,AAPL,144.31,144.39,142.56,142.93,142.93,68790432
2025-05-01,AAPL,142.85,144.13,140.39,140.96,140.96,73341763
2025-05-02,AAPL,140.25,142.13,140.24,141.05,141.05,67436758
2025-05-05,AAPL,141.04,141.97,139.05,140.04,140.04,77995404
2025-05-06,AAPL,140.51,141.66,139.06,140.38,140.38,80748450
2025-05-07,AAPL,140.79,143.06,140.57,141.95,141.95,74932713
2025-05-08,AAPL,141.08,141.42,139.67,140.19,140.19,73529875
2025-05-09,AAPL,140.22,141.56,139.49,140.94,140.94,76950536
2025-05-12,AAPL,140.80,141.80,135.80,136.82,136.82,81588391
2025-05-13,AAPL,138.69,141.35,138.17,140.94,140.94,66120386
2025-05-14,AAPL,140.00,143.78,139.92,142.47,142.47,69110360
2025-05-15,AAPL,143.31,144.35,136.90,137.54,137.54,79050001
2025-05-16,AAPL,137.79,138.00,136.62,137.10,137.10,75191602
2025-05-19,AAPL,136.55,137.31,135.53,135.98,135.98,71936650
2025-05-20,AAPL,135.80,136.46,134.50,135.46,135.46,64176331
2025-05-21,AAPL,137.00,138.78,136.19,138.38,138.38,65955576
2025-05-22,AAPL,138.06,139.35,136.89,137.39,137.39,77699877
2025-05-23,AAPL,136.44,138.39,135.31,137.21,137.21,64668151
2025-05-26,AAPL,136.62,140.69,135.79,138.88,138.88,73355945
2025-05-27,AAPL,138.06,138.80,136.09,137.00,137.00,70333930
2025-05-28,AAPL,137.84,137.96,133.19,134.07,134.07,66784192
2025-05-29,AAPL,133.37,134.22,130.94,131.12,131.12,61987711
2025-05-30,AAPL,131.39,132.26,130.42,130.49,130.49,61187292
2025-06-02,AAPL,132.05,132.63,130.71,131.64,131.64,71100912
2025-06-03,AAPL,131.55,132.24,130.83,131.93,131.93,64908756
2025-06-04,AAPL,130.93,131.57,128.63,129.75,129.75,60619735
2025-06-05,AAPL,130.21,130.96,127.21,128.46,128.46,66897156
2025-06-06,AAPL,128.92,129.42,128.19,128.38,128.38,63753018
2025-06-09,AAPL,128.06,129.04,125.13,126.32,126.32,64330714
2025-06-10,AAPL,126.97,127.80,125.71,127.37,127.37,67952718
2025-06-11,AAPL,128.53,132.31,127.57,131.31,131.31,68141588
2025-06-12,AAPL,130.87,131.88,129.70,131.00,131.00,60078856
2025-06-13,AAPL,129.97,131.98,129.31,131.24,131.24,60330935
2025-06-16,AAPL,131.23,132.89,130.32,131.91,131.91,68744373
2025-06-17,AAPL,131.71,132.47,130.41,131.58,131.58,62844653
2025-06-18,AAPL,131.76,135.41,131.03,134.05,134.05,60793064
2025-06-19,AAPL,136.07,137.54,134.44,135.50,135.50,54428733
2025-06-20,AAPL,134.83,135.82,132.73,134.09,134.09,64424168
2025-06-23,AAPL,134.03,134.94,133.04,133.37,133.37,62117488
2025-06-24,AAPL,133.85,135.65,132.98,134.55,134.55,49882423
2025-06-25,AAPL,134.50,136.62,133.29,135.88,135.88,60607783
2025-06-26,AAPL,136.54,136.69,134.39,135.13,135.13,50037391
2025-06-27,AAPL,134.63,138.05,134.33,137.31,137.31,58199339
2025-06-30,AAPL,139.04,139.78,135.40,136.77,136.77,51237110
2025-07-01,AAPL,137.00,138.08,134.93,135.75,135.75,56043176
2025-07-02,AAPL,135.95,137.70,134.18,137.15,137.15,60620841
2025-07-03,AAPL,137.10,137.21,135.61,136.26,136.26,50970688
2025-07-04,AAPL,134.26,134.43,132.67,133.21,133.21,59132158
2025-07-07,AAPL,134.38,134.83,133.25,133.27,133.27,60562592
2025-07-08,AAPL,133.34,136.22,132.31,134.89,134.89,49501436
2025-07-09,AAPL,134.36,134.80,132.64,134.40,134.40,54201567
2025-07-10,AAPL,134.12,134.90,130.80,131.92,131.92,51990020
2025-07-11,AAPL,130.62,132.21,128.49,129.68,129.68,53082998
2025-07-14,AAPL,130.18,130.87,129.51,130.31,130.31,57427021
2025-07-15,AAPL,128.75,129.26,126.99,127.75,127.75,57098637
2025-07-16,AAPL,128.36,129.92,126.86,129.05,129.05,58674270
2025-07-17,AAPL,128.74,130.19,127.28,128.59,128.59,55895316
2025-07-18,AAPL,128.35,132.54,127.55,130.98,130.98,45211988
2025-07-21,AAPL,130.36,132.46,128.82,132.01,132.01,59261145
2025-07-22,AAPL,131.05,134.99,130.20,134.63,134.63,59858278
2025-07-23,AAPL,134.57,135.38,132.74,133.33,133.33,53352090
2025-07-24,AAPL,132.46,134.08,131.78,133.74,133.74,51210425
2025-07-25,AAPL,132.67,135.97,131.82,135.36,135.36,53403788
2025-07-28,AAPL,135.67,136.76,132.68,133.50,133.50,54593513
2025-07-29,AAPL,133.95,137.00,133.34,136.01,136.01,49422644
2025-07-30,AAPL,136.93,138.28,136.37,137.75,137.75,53578125
2025-07-31,AAPL,138.14,138.98,136.57,137.00,137.00,52158247
2025-08-01,AAPL,137.51,139.11,136.28,137.91,137.91,49528651
2025-08-04,AAPL,136.70,139.53,136.37,138.52,138.52,60345474
2025-08-05,AAPL,138.84,139.90,137.89,138.67,138.67,59808683
2025-08-06,AAPL,138.72,142.81,137.23,141.37,141.37,57212095
2025-08-07,AAPL,141.22,142.15,138.22,138.70,138.70,56428274
2025-08-08,AAPL,138.50,140.53,137.53,139.49,139.49,51002674
2025-08-11,AAPL,138.61,140.59,138.11,140.06,140.06,53416767
2025-08-12,AAPL,140.86,141.46,140.28,141.34,141.34,54013010
2025-08-13,AAPL,141.39,144.57,141.35,142.97,142.97,52035883
2025-08-14,AAPL,142.40,142.70,139.86,140.42,140.42,53951710
2025-08-15,AAPL,141.41,141.57,139.27,140.16,140.16,64600067
2025-08-18,AAPL,140.71,143.84,139.63,143.65,143.65,64756721
2025-08-19,AAPL,145.01,147.95,143.62,147.40,147.40,60311616
2025-08-20,AAPL,148.48,149.73,144.23,145.29,145.29,56526458
2025-08-21,AAPL,145.95,146.76,144.29,145.79,145.79,56376970
2025-08-22,AAPL,144.81,149.58,144.21,148.01,148.01,61136673
2025-08-25,AAPL,147.81,151.36,146.84,150.42,150.42,65187436
2025-08-26,AAPL,151.10,152.65,150.95,151.76,151.76,57099234
2025-08-27,AAPL,152.13,154.91,150.85,153.12,153.12,63363351
2025-08-28,AAPL,153.65,158.23,152.96,157.62,157.62,56506608
2025-08-29,AAPL,158.17,158.95,158.03,158.55,158.55,60557601
2025-09-01,AAPL,160.09,161.77,159.05,161.04,161.04,64810490
2025-09-02,AAPL,160.84,162.06,160.70,161.59,161.59,62035264
2025-09-03,AAPL,160.77,164.64,160.62,162.87,162.87,66386821
2025-09-04,AAPL,163.75,164.63,157.81,158.48,158.48,67810747
2025-09-05,AAPL,158.91,160.23,155.16,155.75,155.75,69115029
2025-09-08,AAPL,155.13,155.73,152.91,154.31,154.31,72471600
2025-09-09,AAPL,154.73,157.36,153.66,156.66,156.66,59729364
2025-09-10,AAPL,156.66,162.25,156.07,161.03,161.03,67995687
2025-09-11,AAPL,160.71,160.86,156.70,157.69,157.69,65710647
2025-09-12,AAPL,157.75,161.26,156.47,160.39,160.39,61352306
2025-09-15,AAPL,160.21,161.55,158.51,159.11,159.11,65956475
2025-09-16,AAPL,160.45,163.24,159.19,162.63,162.63,66692732
2025-09-17,AAPL,163.28,166.46,162.39,166.35,166.35,73068065
2025-09-18,AAPL,164.93,167.24,163.15,166.42,166.42,76830133
2025-09-19,AAPL,167.06,168.35,165.94,167.10,167.10,65572512
2025-09-22,AAPL,166.05,166.95,162.48,164.15,164.15,67310704
2025-09-23,AAPL,164.66,165.75,163.30,164.27,164.27,66292466
2025-09-24,AAPL,164.77,165.70,163.68,164.69,164.69,66482585
2025-09-25,AAPL,165.63,168.12,164.27,167.35,167.35,78749972
2025-09-26,AAPL,167.36,168.32,164.35,165.23,165.23,67025170
2025-09-29,AAPL,163.20,168.22,161.93,166.42,166.42,67192110
2025-09-30,AAPL,166.25,167.54,164.15,164.91,164.91,72683825
2025-10-01,AAPL,164.47,166.12,163.85,165.08,165.08,79480102
2025-10-02,AAPL,164.97,168.07,163.99,166.73,166.73,79107634
2025-10-03,AAPL,165.53,167.48,164.60,165.92,165.92,78403716
2025-10-06,AAPL,165.36,172.11,163.70,170.64,170.64,79635081
2025-10-07,AAPL,170.16,173.84,168.41,172.82,172.82,70613514
2025-10-08,AAPL,173.08,173.42,172.37,172.55,172.55,71345906
2025-10-09,AAPL,171.87,173.10,169.01,170.39,170.39,69470481
2025-10-10,AAPL,170.85,172.54,168.48,169.37,169.37,79096268
2025-10-13,AAPL,169.58,170.45,165.18,166.34,166.34,70165545
2025-10-14,AAPL,166.34,166.64,160.62,162.69,162.69,80243625
2025-10-15,AAPL,162.45,162.96,161.40,161.77,161.77,80727589
2025-10-16,AAPL,162.48,165.13,160.93,164.40,164.40,78181313
2025-10-17,AAPL,162.62,163.33,161.52,162.65,162.65,78815127
2025-10-20,AAPL,163.73,164.72,159.82,160.93,160.93,78960971
2025-10-21,AAPL,161.23,162.10,158.66,159.32,159.32,70060397
2025-10-22,AAPL,159.09,159.10,155.88,157.01,157.01,76766801
2025-10-23,AAPL,156.40,159.79,155.34,158.59,158.59,71446786
2025-10-24,AAPL,157.51,158.63,156.34,158.47,158.47,74709345
2025-10-27,AAPL,158.89,160.78,156.58,157.63,157.63,78946435
2025-10-28,AAPL,157.06,159.14,154.02,155.42,155.42,79347175
2025-10-29,AAPL,156.16,156.50,152.96,153.89,153.89,75543052
2025-10-30,AAPL,154.82,155.65,152.99,154.10,154.10,75938839
2025-10-31,AAPL,154.82,159.93,153.20,158.32,158.32,67876721
